{"_type":"export","__export_format":4,"__export_date":"2022-02-13T16:41:02.637Z","__export_source":"insomnia.desktop.app:v2021.7.2","resources":[{"_id":"req_cfd19d496c0543aca32f7ec87bda5209","parentId":"wrk_8b5461219ab24ea2b8b5d374366f0306","modified":1644768259339,"created":1643118476624,"url":"http://localhost/products","name":"http://localhost/products","description":"","method":"GET","body":{},"parameters":[],"headers":[],"authentication":{},"metaSortKey":-1643118476624,"isPrivate":false,"settingStoreCookies":true,"settingSendCookies":true,"settingDisableRenderRequestBody":false,"settingEncodeUrl":true,"settingRebuildPath":true,"settingFollowRedirects":"global","_type":"request"},{"_id":"wrk_8b5461219ab24ea2b8b5d374366f0306","parentId":null,"modified":1643118465949,"created":1643118465949,"name":"My Collection","description":"","scope":"collection","_type":"workspace"},{"_id":"req_77b1cdbcc22940388cc7a38250781e6e","parentId":"wrk_8b5461219ab24ea2b8b5d374366f0306","modified":1644768256125,"created":1644768256125,"url":"http://localhost/products?offset=1&limit=2","name":"http://localhost/products?offset=1&limit=2","description":"","method":"GET","body":{},"parameters":[],"headers":[],"authentication":{},"metaSortKey":-1643118476599,"isPrivate":false,"settingStoreCookies":true,"settingSendCookies":true,"settingDisableRenderRequestBody":false,"settingEncodeUrl":true,"settingRebuildPath":true,"settingFollowRedirects":"global","_type":"request"},{"_id":"req_6fb8367d7a704174ae3198a61cec4047","parentId":"wrk_8b5461219ab24ea2b8b5d374366f0306","modified":1644768923017,"created":1643118491817,"url":"http://localhost/products/2","name":"http://localhost/products/2","description":"","method":"PUT","body":{"mimeType":"application/json","text":"{\n\"id\": 2,\n\"name\": \"Whole Wheat Bread Modified 3\",\n\"price\": \"2.00\",\n\"description\": \"Unlike white bread, whole-wheat bread is made from flour that uses almost the entire wheat grain—with the bran and germ in tact. This means more nutrients and fiber per slice! \",\n\"image\": \"https://hips.hearstapps.com/hmg-prod.s3.amazonaws.com/images/whole-wheat-bread-horizontal-1-jpg-1590195849.jpg?crop=0.735xw:0.735xh;0.187xw,0.128xh&resize=980:*\",\n\"category_id\": \"1\"\n}"},"parameters":[],"headers":[{"name":"Content-Type","value":"application/json","id":"pair_7789a197766f4301845cb0af71e9e577"}],"authentication":{},"metaSortKey":-1643118476574,"isPrivate":false,"settingStoreCookies":true,"settingSendCookies":true,"settingDisableRenderRequestBody":false,"settingEncodeUrl":true,"settingRebuildPath":true,"settingFollowRedirects":"global","_type":"request"},{"_id":"req_b002fc4da5044404834852a7f3d24c0f","parentId":"wrk_8b5461219ab24ea2b8b5d374366f0306","modified":1644768390328,"created":1643118770946,"url":"http://localhost/products/","name":"http://localhost/products","description":"","method":"POST","body":{"mimeType":"application/json","text":"{\n\"name\": \"A copy of wheat bread\",\n\"price\": \"2.00\",\n\"description\": \"Unlike white bread, whole-wheat bread is made from flour that uses almost the entire wheat grain—with the bran and germ in tact. This means more nutrients and fiber per slice! \",\n\"image\": \"https://hips.hearstapps.com/hmg-prod.s3.amazonaws.com/images/whole-wheat-bread-horizontal-1-jpg-1590195849.jpg?crop=0.735xw:0.735xh;0.187xw,0.128xh&resize=980:*\",\n\"category_id\": \"1\"\n}"},"parameters":[],"headers":[{"name":"Content-Type","value":"application/json","id":"pair_7789a197766f4301845cb0af71e9e577"}],"authentication":{},"metaSortKey":-1643118476524,"isPrivate":false,"settingStoreCookies":true,"settingSendCookies":true,"settingDisableRenderRequestBody":false,"settingEncodeUrl":true,"settingRebuildPath":true,"settingFollowRedirects":"global","_type":"request"},{"_id":"req_23740e642ab548f4a3f5624de1ad6cc4","parentId":"wrk_8b5461219ab24ea2b8b5d374366f0306","modified":1644769342722,"created":1643118857514,"url":"http://localhost/products/6","name":"http://localhost/products/6","description":"","method":"DELETE","body":{"mimeType":"application/json","text":"{\n\"name\": \"A copy of wheat bread\",\n\"price\": \"2.00\",\n\"description\": \"Unlike white bread, whole-wheat bread is made from flour that uses almost the entire wheat grain—with the bran and germ in tact. This means more nutrients and fiber per slice! \",\n\"image\": \"https://hips.hearstapps.com/hmg-prod.s3.amazonaws.com/images/whole-wheat-bread-horizontal-1-jpg-1590195849.jpg?crop=0.735xw:0.735xh;0.187xw,0.128xh&resize=980:*\",\n\"category_id\": \"1\"\n}"},"parameters":[],"headers":[{"name":"Content-Type","value":"application/json","id":"pair_7789a197766f4301845cb0af71e9e577"}],"authentication":{},"metaSortKey":-1643118476474,"isPrivate":false,"settingStoreCookies":true,"settingSendCookies":true,"settingDisableRenderRequestBody":false,"settingEncodeUrl":true,"settingRebuildPath":true,"settingFollowRedirects":"global","_type":"request"},{"_id":"env_a74908cc098270ef50f787769a645e725485a271","parentId":"wrk_8b5461219ab24ea2b8b5d374366f0306","modified":1643118465953,"created":1643118465953,"name":"Base Environment","data":{},"dataPropertyOrder":null,"color":null,"isPrivate":false,"metaSortKey":1643118465953,"_type":"environment"},{"_id":"jar_a74908cc098270ef50f787769a645e725485a271","parentId":"wrk_8b5461219ab24ea2b8b5d374366f0306","modified":1643118465955,"created":1643118465955,"name":"Default Jar","cookies":[],"_type":"cookie_jar"},{"_id":"spc_790cbd40ad964dffa8a15d08058fad27","parentId":"wrk_8b5461219ab24ea2b8b5d374366f0306","modified":1643118465950,"created":1643118465950,"fileName":"My Collection","contents":"","contentType":"yaml","_type":"api_spec"}]}